match_date,Season,win,score,team_name
"Saturday, 26 July",1,0,31,Jaipur Pink Panthers
"Saturday, 26 July",1,0,28,Dabang Delhi
"Sunday, 27 July",1,0,37,Puneri Paltan
"Sunday, 27 July",1,0,25,Bengal Warriors
"Monday, 28 July",1,0,31,Puneri Paltan
"Tuesday, 29 July",1,0,33,Patna Pirates
"Wednesday, 30 July",1,0,30,Bengal Warriors
"Thursday, 31 July",1,0,32,Telugu Titans
"Thursday, 31 July",1,0,40,Dabang Delhi
"Friday, 01 August",1,0,35,Telugu Titans
"Friday, 01 August",1,0,35,Puneri Paltan
"Saturday, 02 August",1,0,18,Patna Pirates
"Saturday, 02 August",1,0,29,Bengal Warriors
"Sunday, 03 August",1,0,35,Dabang Delhi
"Sunday, 03 August",1,0,31,Bengaluru Bulls
"Monday, 04 August",1,0,28,Puneri Paltan
"Monday, 04 August",1,0,31,Dabang Delhi
"Tuesday, 05 August",1,0,34,Bengaluru Bulls
"Tuesday, 05 August",1,0,31,Dabang Delhi
"Wednesday, 06 August",1,0,36,Bengal Warriors
"Thursday, 07 August",1,0,27,Puneri Paltan
"Friday, 08 August",1,0,35,Telugu Titans
"Saturday, 09 August",1,0,29,Telugu Titans
"Sunday, 10 August",1,0,23,Bengal Warriors
"Sunday, 10 August",1,0,35,Patna Pirates
"Tuesday, 12 August",1,0,36,Puneri Paltan
"Wednesday, 13 August",1,0,30,U Mumba
"Wednesday, 13 August",1,0,30,Bengal Warriors
"Thursday, 14 August",1,0,27,Bengaluru Bulls
"Thursday, 14 August",1,0,23,Puneri Paltan
"Friday, 15 August",1,0,27,U Mumba
"Friday, 15 August",1,0,31,Puneri Paltan
"Saturday, 16 August",1,0,33,Bengal Warriors
"Sunday, 17 August",1,0,30,Jaipur Pink Panthers
"Sunday, 17 August",1,0,43,U Mumba
"Monday, 18 August",1,0,28,Patna Pirates
"Monday, 18 August",1,0,24,Puneri Paltan
"Tuesday, 19 August",1,0,26,Dabang Delhi
"Wednesday, 20 August",1,0,31,Bengaluru Bulls
"Thursday, 21 August",1,0,32,Bengal Warriors
"Friday, 22 August",1,0,31,Dabang Delhi
"Saturday, 23 August",1,0,29,Patna Pirates
"Saturday, 23 August",1,0,27,Puneri Paltan
"Sunday, 24 August",1,0,24,Bengal Warriors
"Sunday, 24 August",1,0,30,Dabang Delhi
"Monday, 25 August",1,0,22,Puneri Paltan
"Monday, 25 August",1,0,31,Bengaluru Bulls
"Tuesday, 26 August",1,0,26,Telugu Titans
"Wednesday, 27 August",1,0,35,Puneri Paltan
"Wednesday, 27 August",1,0,29,Jaipur Pink Panthers
"Friday, 29 August",1,0,18,Patna Pirates
"Friday, 29 August",1,0,23,Bengaluru Bulls
"Sunday, 31 August",1,0,22,Bengaluru Bulls
"Sunday, 31 August",1,0,24,U Mumba
"Saturday, 18 July",2,0,28,Jaipur Pink Panthers
"Saturday, 18 July",2,0,25,Bengal Warriors
"Sunday, 19 July",2,0,27,Dabang Delhi
"Sunday, 19 July",2,0,23,Bengaluru Bulls
"Monday, 20 July",2,0,24,Puneri Paltan
"Monday, 20 July",2,0,20,Patna Pirates
"Tuesday, 21 July",2,0,21,Puneri Paltan
"Wednesday, 22 July",2,0,26,Jaipur Pink Panthers
"Wednesday, 22 July",2,0,26,Patna Pirates
"Thursday, 23 July",2,0,30,Bengal Warriors
"Friday, 24 July",2,0,37,Puneri Paltan
"Friday, 24 July",2,0,25,Bengal Warriors
"Saturday, 25 July",2,0,26,Puneri Paltan
"Saturday, 25 July",2,0,21,Bengal Warriors
"Sunday, 26 July",2,0,23,Jaipur Pink Panthers
"Sunday, 26 July",2,0,26,Telugu Titans
"Monday, 27 July",2,0,18,Dabang Delhi
"Monday, 27 July",2,0,22,Jaipur Pink Panthers
"Tuesday, 28 July",2,0,23,Bengaluru Bulls
"Wednesday, 29 July",2,0,29,Bengal Warriors
"Wednesday, 29 July",2,0,27,Jaipur Pink Panthers
"Thursday, 30 July",2,0,22,Patna Pirates
"Friday, 31 July",2,0,21,Telugu Titans
"Friday, 31 July",2,0,22,Dabang Delhi
"Saturday, 01 August",2,0,22,Dabang Delhi
"Saturday, 01 August",2,0,28,Puneri Paltan
"Sunday, 02 August",2,0,29,Puneri Paltan
"Tuesday, 04 August",2,0,25,Dabang Delhi
"Wednesday, 05 August",2,0,28,Bengal Warriors
"Thursday, 06 August",2,0,22,Bengal Warriors
"Thursday, 06 August",2,0,32,Patna Pirates
"Friday, 07 August",2,0,25,U Mumba
"Saturday, 08 August",2,0,17,Dabang Delhi
"Saturday, 08 August",2,0,28,Bengaluru Bulls
"Sunday, 09 August",2,0,17,Bengal Warriors
"Sunday, 09 August",2,0,26,Patna Pirates
"Monday, 10 August",2,0,21,Dabang Delhi
"Tuesday, 11 August",2,0,18,Puneri Paltan
"Wednesday, 12 August",2,0,29,Bengaluru Bulls
"Thursday, 13 August",2,0,28,Puneri Paltan
"Thursday, 13 August",2,0,25,Bengaluru Bulls
"Friday, 14 August",2,0,32,Bengal Warriors
"Friday, 14 August",2,0,21,Dabang Delhi
"Saturday, 15 August",2,0,27,Patna Pirates
"Saturday, 15 August",2,0,29,Telugu Titans
"Sunday, 16 August",2,0,28,Dabang Delhi
"Sunday, 16 August",2,0,38,Jaipur Pink Panthers
"Monday, 17 August",2,0,34,Puneri Paltan
"Tuesday, 18 August",2,0,25,U Mumba
"Tuesday, 18 August",2,0,21,Puneri Paltan
"Wednesday, 19 August",2,0,24,Jaipur Pink Panthers
"Wednesday, 19 August",2,0,30,Puneri Paltan
"Friday, 21 August",2,0,38,Telugu Titans
"Friday, 21 August",2,0,18,Patna Pirates
"Sunday, 23 August",2,0,26,Patna Pirates
"Sunday, 23 August",2,0,30,Bengaluru Bulls
"Saturday, 30 January",3,0,25,Telugu Titans
"Saturday, 30 January",3,0,29,Dabang Delhi
"Sunday, 31 January",3,0,18,U Mumba
"Sunday, 31 January",3,0,26,Puneri Paltan
"Monday, 01 February",3,0,28,Jaipur Pink Panthers
"Monday, 01 February",3,0,34,Dabang Delhi
"Tuesday, 02 February",3,0,17,Telugu Titans
"Wednesday, 03 February",3,0,24,Bengaluru Bulls
"Wednesday, 03 February",3,0,20,Dabang Delhi
"Thursday, 04 February",3,0,24,Bengaluru Bulls
"Friday, 05 February",3,0,17,Dabang Delhi
"Friday, 05 February",3,0,26,Jaipur Pink Panthers
"Saturday, 06 February",3,0,26,U Mumba
"Saturday, 06 February",3,0,26,Bengaluru Bulls
"Sunday, 07 February",3,0,28,Puneri Paltan
"Sunday, 07 February",3,0,34,Dabang Delhi
"Monday, 08 February",3,0,25,Telugu Titans
"Monday, 08 February",3,0,17,Dabang Delhi
"Tuesday, 09 February",3,0,31,Bengal Warriors
"Wednesday, 10 February",3,0,28,Bengaluru Bulls
"Wednesday, 10 February",3,0,20,Jaipur Pink Panthers
"Friday, 12 February",3,0,34,Dabang Delhi
"Saturday, 13 February",3,0,25,Jaipur Pink Panthers
"Saturday, 13 February",3,0,27,Puneri Paltan
"Sunday, 14 February",3,0,21,Bengal Warriors
"Sunday, 14 February",3,0,27,Bengaluru Bulls
"Tuesday, 16 February",3,0,27,Bengal Warriors
"Tuesday, 16 February",3,0,26,Telugu Titans
"Wednesday, 17 February",3,0,32,Bengaluru Bulls
"Thursday, 18 February",3,0,21,Bengaluru Bulls
"Friday, 19 February",3,0,28,Telugu Titans
"Friday, 19 February",3,0,28,Patna Pirates
"Saturday, 20 February",3,0,21,Bengaluru Bulls
"Saturday, 20 February",3,0,22,Dabang Delhi
"Sunday, 21 February",3,0,22,Bengaluru Bulls
"Sunday, 21 February",3,0,18,Jaipur Pink Panthers
"Monday, 22 February",3,0,18,Jaipur Pink Panthers
"Tuesday, 23 February",3,0,17,Bengal Warriors
"Tuesday, 23 February",3,0,24,Jaipur Pink Panthers
"Wednesday, 24 February",3,0,36,Dabang Delhi
"Thursday, 25 February",3,0,18,Bengaluru Bulls
"Thursday, 25 February",3,0,34,Dabang Delhi
"Friday, 26 February",3,0,24,Telugu Titans
"Saturday, 27 February",3,0,27,Bengaluru Bulls
"Saturday, 27 February",3,0,31,Dabang Delhi
"Sunday, 28 February",3,0,21,Jaipur Pink Panthers
"Sunday, 28 February",3,0,41,Patna Pirates
"Monday, 29 February",3,0,27,Puneri Paltan
"Tuesday, 01 March",3,0,22,Bengaluru Bulls
"Tuesday, 01 March",3,0,22,Telugu Titans
"Wednesday, 02 March",3,0,19,Bengal Warriors
"Wednesday, 02 March",3,0,20,Dabang Delhi
"Friday, 04 March",3,0,21,Puneri Paltan
"Friday, 04 March",3,0,29,Bengal Warriors
"Saturday, 05 March",3,0,27,Bengal Warriors
"Saturday, 05 March",3,0,28,U Mumba
"Saturday, 25 June",4,0,24,Telugu Titans
"Saturday, 25 June",4,0,34,Jaipur Pink Panthers
"Sunday, 26 June",4,0,23,Bengal Warriors
"Sunday, 26 June",4,0,19,U Mumba
"Monday, 27 June",4,0,23,Dabang Delhi K.C.
"Monday, 27 June",4,0,24,Puneri Paltan
"Wednesday, 29 June",4,0,24,Telugu Titans
"Wednesday, 29 June",4,0,34,U Mumba
"Friday, 01 July",4,0,25,Dabang Delhi K.C.
"Friday, 01 July",4,0,33,Bengal Warriors
"Saturday, 02 July",4,0,24,Bengaluru Bulls
"Saturday, 02 July",4,0,28,Jaipur Pink Panthers
"Sunday, 03 July",4,0,33,Telugu Titans
"Sunday, 03 July",4,0,18,Bengal Warriors
"Monday, 04 July",4,0,27,Puneri Paltan
"Monday, 04 July",4,0,18,Bengal Warriors
"Tuesday, 05 July",4,0,28,Telugu Titans
"Wednesday, 06 July",4,0,26,Dabang Delhi K.C.
"Wednesday, 06 July",4,0,30,U Mumba
"Thursday, 07 July",4,0,25,Bengaluru Bulls
"Friday, 08 July",4,0,23,Bengaluru Bulls
"Friday, 08 July",4,0,21,Bengal Warriors
"Saturday, 09 July",4,0,31,Bengal Warriors
"Saturday, 09 July",4,0,15,Patna Pirates
"Sunday, 10 July",4,0,23,Dabang Delhi K.C.
"Sunday, 10 July",4,0,21,Patna Pirates
"Tuesday, 12 July",4,0,24,Bengaluru Bulls
"Wednesday, 13 July",4,0,22,Bengaluru Bulls
"Thursday, 14 July",4,0,23,Jaipur Pink Panthers
"Thursday, 14 July",4,0,23,Bengaluru Bulls
"Friday, 15 July",4,0,29,Puneri Paltan
"Friday, 15 July",4,0,20,Bengaluru Bulls
"Saturday, 16 July",4,0,25,Jaipur Pink Panthers
"Saturday, 16 July",4,0,24,U Mumba
"Sunday, 17 July",4,0,27,Puneri Paltan
"Sunday, 17 July",4,0,27,Bengal Warriors
"Tuesday, 19 July",4,0,28,Dabang Delhi K.C.
"Tuesday, 19 July",4,0,25,Bengal Warriors
"Wednesday, 20 July",4,0,31,Puneri Paltan
"Thursday, 21 July",4,0,22,Dabang Delhi K.C.
"Friday, 22 July",4,0,22,Patna Pirates
"Friday, 22 July",4,0,27,U Mumba
"Saturday, 23 July",4,0,28,Puneri Paltan
"Saturday, 23 July",4,0,27,U Mumba
"Sunday, 24 July",4,0,20,Bengal Warriors
"Sunday, 24 July",4,0,23,Jaipur Pink Panthers
"Monday, 25 July",4,0,31,Dabang Delhi K.C.
"Tuesday, 26 July",4,0,25,Patna Pirates
"Tuesday, 26 July",4,0,34,Dabang Delhi K.C.
"Wednesday, 27 July",4,0,33,Bengaluru Bulls
"Wednesday, 27 July",4,0,34,Dabang Delhi K.C.
"Friday, 29 July",4,0,33,Puneri Paltan
"Friday, 29 July",4,0,24,Telugu Titans
"Sunday, 31 July",4,0,35,Telugu Titans
"Sunday, 31 July",4,0,29,Jaipur Pink Panthers
"Friday, 28 July",5,0,21,U Mumba
"Saturday, 29 July",5,0,26,Jaipur Pink Panthers
"Saturday, 29 July",5,0,29,Telugu Titans
"Sunday, 30 July",5,0,28,Haryana Steelers
"Sunday, 30 July",5,0,21,Telugu Titans
"Tuesday, 01 August",5,0,20,Dabang Delhi K.C.
"Tuesday, 01 August",5,0,18,Telugu Titans
"Wednesday, 02 August",5,0,24,Telugu Titans
"Thursday, 03 August",5,0,36,Telugu Titans
"Friday, 04 August",5,0,31,Tamil Thalaivas
"Friday, 04 August",5,0,21,Dabang Delhi K.C.
"Saturday, 05 August",5,0,22,Dabang Delhi K.C.
"Saturday, 05 August",5,0,27,Bengaluru Bulls
"Sunday, 06 August",5,0,20,U.P. Yoddha
"Sunday, 06 August",5,0,32,Bengaluru Bulls
"Tuesday, 08 August",5,0,20,Gujarat Fortunegiants
"Wednesday, 09 August",5,0,25,Bengal Warriors
"Thursday, 10 August",5,0,28,Puneri Paltan
"Thursday, 10 August",5,0,24,Bengaluru Bulls
"Friday, 11 August",5,0,21,U Mumba
"Saturday, 12 August",5,0,32,Telugu Titans
"Saturday, 12 August",5,0,25,Dabang Delhi K.C.
"Sunday, 13 August",5,0,20,Jaipur Pink Panthers
"Tuesday, 15 August",5,0,17,Bengal Warriors
"Tuesday, 15 August",5,0,24,Bengaluru Bulls
"Wednesday, 16 August",5,0,19,Telugu Titans
"Thursday, 17 August",5,0,29,Tamil Thalaivas
"Friday, 18 August",5,0,34,U.P. Yoddha
"Friday, 18 August",5,0,28,Bengaluru Bulls
"Saturday, 19 August",5,0,32,U Mumba
"Saturday, 19 August",5,0,29,U.P. Yoddha
"Sunday, 20 August",5,0,42,Patna Pirates
"Sunday, 20 August",5,0,22,U.P. Yoddha
"Tuesday, 22 August",5,0,21,Puneri Paltan
"Tuesday, 22 August",5,0,31,U.P. Yoddha
"Wednesday, 23 August",5,0,25,Dabang Delhi K.C.
"Thursday, 24 August",5,0,23,Telugu Titans
"Friday, 25 August",5,0,36,U Mumba
"Saturday, 26 August",5,0,24,Tamil Thalaivas
"Saturday, 26 August",5,0,24,U Mumba
"Sunday, 27 August",5,0,26,Bengaluru Bulls
"Sunday, 27 August",5,0,32,U Mumba
"Wednesday, 30 August",5,0,32,Haryana Steelers
"Thursday, 31 August",5,0,28,Tamil Thalaivas
"Thursday, 31 August",5,0,32,Jaipur Pink Panthers
"Friday, 01 September",5,0,38,Patna Pirates
"Saturday, 02 September",5,0,36,Gujarat Fortunegiants
"Sunday, 03 September",5,0,25,Gujarat Fortunegiants
"Sunday, 03 September",5,0,25,Tamil Thalaivas
"Tuesday, 05 September",5,0,21,Jaipur Pink Panthers
"Tuesday, 05 September",5,0,29,Bengal Warriors
"Wednesday, 06 September",5,0,30,Bengaluru Bulls
"Wednesday, 06 September",5,0,31,Bengal Warriors
"Thursday, 07 September",5,0,37,Telugu Titans
"Saturday, 09 September",5,0,41,Patna Pirates
"Saturday, 09 September",5,0,31,Bengaluru Bulls
"Sunday, 10 September",5,0,20,Puneri Paltan
"Sunday, 10 September",5,0,19,Haryana Steelers
"Tuesday, 12 September",5,0,31,Telugu Titans
"Tuesday, 12 September",5,0,24,Dabang Delhi K.C.
"Wednesday, 13 September",5,0,33,U.P. Yoddha
"Wednesday, 13 September",5,0,22,Haryana Steelers
"Friday, 15 September",5,0,30,Telugu Titans
"Friday, 15 September",5,0,28,U Mumba
"Saturday, 16 September",5,0,42,U.P. Yoddha
"Sunday, 17 September",5,0,25,Dabang Delhi K.C.
"Tuesday, 19 September",5,0,25,Haryana Steelers
"Tuesday, 19 September",5,0,32,Bengaluru Bulls
"Wednesday, 20 September",5,0,23,U Mumba
"Wednesday, 20 September",5,0,39,Tamil Thalaivas
"Thursday, 21 September",5,0,26,Jaipur Pink Panthers
"Thursday, 21 September",5,0,41,Patna Pirates
"Friday, 22 September",5,0,28,Dabang Delhi K.C.
"Saturday, 23 September",5,0,29,Bengaluru Bulls
"Saturday, 23 September",5,0,29,Dabang Delhi K.C.
"Sunday, 24 September",5,0,32,Bengal Warriors
"Sunday, 24 September",5,0,24,Dabang Delhi K.C.
"Tuesday, 26 September",5,0,34,Gujarat Fortunegiants
"Tuesday, 26 September",5,0,34,Dabang Delhi K.C.
"Wednesday, 27 September",5,0,34,Jaipur Pink Panthers
"Wednesday, 27 September",5,0,16,Dabang Delhi K.C.
"Thursday, 28 September",5,0,30,Bengaluru Bulls
"Thursday, 28 September",5,0,22,Dabang Delhi K.C.
"Friday, 29 September",5,0,20,Tamil Thalaivas
"Friday, 29 September",5,0,29,Patna Pirates
"Saturday, 30 September",5,0,33,U.P. Yoddha
"Saturday, 30 September",5,0,26,Tamil Thalaivas
"Sunday, 01 October",5,0,31,Jaipur Pink Panthers
"Sunday, 01 October",5,0,30,Tamil Thalaivas
"Tuesday, 03 October",5,0,22,Dabang Delhi K.C.
"Tuesday, 03 October",5,0,37,Tamil Thalaivas
"Wednesday, 04 October",5,0,30,U Mumba
"Wednesday, 04 October",5,0,33,Tamil Thalaivas
"Thursday, 05 October",5,0,35,Tamil Thalaivas
"Friday, 06 October",5,0,23,Jaipur Pink Panthers
"Friday, 06 October",5,0,19,Puneri Paltan
"Saturday, 07 October",5,0,30,Telugu Titans
"Saturday, 07 October",5,0,32,U Mumba
"Sunday, 08 October",5,0,29,Patna Pirates
"Sunday, 08 October",5,0,30,Jaipur Pink Panthers
"Tuesday, 10 October",5,0,35,U Mumba
"Tuesday, 10 October",5,0,34,Jaipur Pink Panthers
"Wednesday, 11 October",5,0,32,Dabang Delhi K.C.
"Wednesday, 11 October",5,0,27,Jaipur Pink Panthers
"Thursday, 12 October",5,0,32,Jaipur Pink Panthers
"Friday, 13 October",5,0,20,Puneri Paltan
"Friday, 13 October",5,0,30,Tamil Thalaivas
"Saturday, 14 October",5,0,37,Patna Pirates
"Saturday, 14 October",5,0,24,U Mumba
"Sunday, 15 October",5,0,32,U.P. Yoddha
"Sunday, 15 October",5,0,31,Dabang Delhi K.C.
"Tuesday, 17 October",5,0,24,U.P. Yoddha
"Tuesday, 17 October",5,0,27,Puneri Paltan
"Wednesday, 18 October",5,0,15,Jaipur Pink Panthers
"Friday, 20 October",5,0,22,Puneri Paltan
"Monday, 23 October",5,0,38,U.P. Yoddha
"Monday, 23 October",5,0,30,Haryana Steelers
"Tuesday, 24 October",5,0,17,Bengal Warriors
"Tuesday, 24 October",5,0,32,Puneri Paltan
"Thursday, 26 October",5,0,44,Bengal Warriors
"Saturday, 28 October",5,0,38,Gujarat Fortunegiants
"Sunday, 07 October",6,0,26,Patna Pirates
"Monday, 08 October",6,0,22,Haryana Steelers
"Monday, 08 October",6,0,32,Tamil Thalaivas
"Tuesday, 09 October",6,0,28,Tamil Thalaivas
"Wednesday, 10 October",6,0,32,Jaipur Pink Panthers
"Wednesday, 10 October",6,0,37,Tamil Thalaivas
"Thursday, 11 October",6,0,41,U.P. Yoddha
"Thursday, 11 October",6,0,27,Tamil Thalaivas
"Friday, 12 October",6,0,25,Gujarat Fortunegiants
"Friday, 12 October",6,0,37,Puneri Paltan
"Saturday, 13 October",6,0,29,U.P. Yoddha
"Saturday, 13 October",6,0,26,Haryana Steelers
"Sunday, 14 October",6,0,37,U.P. Yoddha
"Sunday, 14 October",6,0,27,Haryana Steelers
"Tuesday, 16 October",6,0,25,Telugu Titans
"Tuesday, 16 October",6,0,33,Haryana Steelers
"Wednesday, 17 October",6,0,35,Tamil Thalaivas
"Wednesday, 17 October",6,0,32,Haryana Steelers
"Thursday, 18 October",6,0,31,Dabang Delhi K.C.
"Thursday, 18 October",6,0,28,Puneri Paltan
"Friday, 19 October",6,0,31,Patna Pirates
"Friday, 19 October",6,0,25,Jaipur Pink Panthers
"Saturday, 20 October",6,0,32,U Mumba
"Sunday, 21 October",6,0,30,Bengal Warriors
"Sunday, 21 October",6,0,25,Bengaluru Bulls
"Tuesday, 23 October",6,0,20,Telugu Titans
"Tuesday, 23 October",6,0,31,Puneri Paltan
"Wednesday, 24 October",6,0,34,Haryana Steelers
"Wednesday, 24 October",6,0,23,Puneri Paltan
"Friday, 26 October",6,0,30,Jaipur Pink Panthers
"Friday, 26 October",6,0,25,Tamil Thalaivas
"Saturday, 27 October",6,0,28,Jaipur Pink Panthers
"Saturday, 27 October",6,0,39,Patna Pirates
"Sunday, 28 October",6,0,36,Dabang Delhi K.C.
"Sunday, 28 October",6,0,32,Patna Pirates
"Tuesday, 30 October",6,0,27,Puneri Paltan
"Tuesday, 30 October",6,0,32,Patna Pirates
"Wednesday, 31 October",6,0,27,Dabang Delhi K.C.
"Wednesday, 31 October",6,0,41,Patna Pirates
"Thursday, 01 November",6,0,27,Bengal Warriors
"Friday, 02 November",6,0,24,U.P. Yoddha
"Friday, 02 November",6,0,25,Jaipur Pink Panthers
"Saturday, 03 November",6,0,22,Puneri Paltan
"Saturday, 03 November",6,0,29,U.P. Yoddha
"Sunday, 04 November",6,0,38,Dabang Delhi K.C.
"Tuesday, 06 November",6,0,32,Haryana Steelers
"Thursday, 08 November",6,0,33,Haryana Steelers
"Thursday, 08 November",6,0,27,U.P. Yoddha
"Friday, 09 November",6,0,24,Jaipur Pink Panthers
"Friday, 09 November",6,0,25,Telugu Titans
"Saturday, 10 November",6,0,30,Bengal Warriors
"Saturday, 10 November",6,0,36,U Mumba
"Sunday, 11 November",6,0,29,Jaipur Pink Panthers
"Sunday, 11 November",6,0,31,U Mumba
"Tuesday, 13 November",6,0,25,Puneri Paltan
"Tuesday, 13 November",6,0,24,U.P. Yoddha
"Wednesday, 14 November",6,0,29,Bengaluru Bulls
"Thursday, 15 November",6,0,35,Dabang Delhi K.C.
"Thursday, 15 November",6,0,22,Tamil Thalaivas
"Friday, 16 November",6,0,23,Bengal Warriors
"Friday, 16 November",6,0,28,U.P. Yoddha
"Saturday, 17 November",6,0,22,Puneri Paltan
"Sunday, 18 November",6,0,32,Jaipur Pink Panthers
"Sunday, 18 November",6,0,32,U.P. Yoddha
"Tuesday, 20 November",6,0,23,Telugu Titans
"Tuesday, 20 November",6,0,26,Gujarat Fortunegiants
"Wednesday, 21 November",6,0,27,Tamil Thalaivas
"Wednesday, 21 November",6,0,35,U Mumba
"Thursday, 22 November",6,0,31,Haryana Steelers
"Friday, 23 November",6,0,31,Bengaluru Bulls
"Saturday, 24 November",6,0,23,Dabang Delhi K.C.
"Saturday, 24 November",6,0,22,Tamil Thalaivas
"Sunday, 25 November",6,0,27,Dabang Delhi K.C.
"Sunday, 25 November",6,0,32,Bengaluru Bulls
"Monday, 26 November",6,0,25,Telugu Titans
"Monday, 26 November",6,0,27,U.P. Yoddha
"Wednesday, 28 November",6,0,33,Haryana Steelers
"Wednesday, 28 November",6,0,26,Telugu Titans
"Thursday, 29 November",6,0,20,Puneri Paltan
"Thursday, 29 November",6,0,37,Bengaluru Bulls
"Friday, 30 November",6,0,35,Jaipur Pink Panthers
"Saturday, 01 December",6,0,34,Dabang Delhi K.C.
"Sunday, 02 December",6,0,26,Gujarat Fortunegiants
"Sunday, 02 December",6,0,24,Puneri Paltan
"Tuesday, 04 December",6,0,27,Patna Pirates
"Tuesday, 04 December",6,0,29,Telugu Titans
"Wednesday, 05 December",6,0,33,Bengal Warriors
"Wednesday, 05 December",6,0,31,Bengaluru Bulls
"Thursday, 06 December",6,0,29,Haryana Steelers
"Thursday, 06 December",6,0,33,Tamil Thalaivas
"Friday, 07 December",6,0,27,Telugu Titans
"Friday, 07 December",6,0,36,Puneri Paltan
"Saturday, 08 December",6,0,20,Bengal Warriors
"Saturday, 08 December",6,0,26,Jaipur Pink Panthers
"Sunday, 09 December",6,0,24,Tamil Thalaivas
"Sunday, 09 December",6,0,31,Haryana Steelers
"Tuesday, 11 December",6,0,19,Dabang Delhi K.C.
"Tuesday, 11 December",6,0,20,Telugu Titans
"Wednesday, 12 December",6,0,37,Haryana Steelers
"Wednesday, 12 December",6,0,24,Telugu Titans
"Thursday, 13 December",6,0,36,Patna Pirates
"Friday, 14 December",6,0,23,Puneri Paltan
"Friday, 14 December",6,0,21,Tamil Thalaivas
"Sunday, 16 December",6,0,31,Patna Pirates
"Sunday, 16 December",6,0,29,Jaipur Pink Panthers
"Tuesday, 18 December",6,0,28,Telugu Titans
"Tuesday, 18 December",6,0,30,Haryana Steelers
"Wednesday, 19 December",6,0,31,Jaipur Pink Panthers
"Friday, 21 December",6,0,24,Tamil Thalaivas
"Friday, 21 December",6,0,20,Telugu Titans
"Saturday, 22 December",6,0,32,U Mumba
"Saturday, 22 December",6,0,23,Patna Pirates
"Sunday, 23 December",6,0,31,Bengal Warriors
"Tuesday, 25 December",6,0,34,Telugu Titans
"Wednesday, 26 December",6,0,29,Patna Pirates
"Wednesday, 26 December",6,0,31,Bengaluru Bulls
"Thursday, 27 December",6,0,32,Jaipur Pink Panthers
"Thursday, 27 December",6,0,25,Bengal Warriors
"Sunday, 30 December",6,0,29,U Mumba
"Sunday, 30 December",6,0,28,Bengal Warriors
"Monday, 31 December",6,0,29,Gujarat Fortunegiants
"Monday, 31 December",6,0,33,Dabang Delhi K.C.
"Thursday, 03 January",6,0,31,U.P. Yoddha
"Saturday, 05 January",6,0,33,Gujarat Fortunegiants
"Sunday, 01 September",7,0,29,Bengal Warriors
"Sunday, 01 September",7,0,27,Tamil Thalaivas
"Monday, 02 September",7,0,27,Puneri Paltan
"Monday, 02 September",7,0,30,Tamil Thalaivas
"Wednesday, 04 September",7,0,44,Jaipur Pink Panthers
"Wednesday, 04 September",7,0,39,Patna Pirates
"Friday, 06 September",7,0,29,Patna Pirates
"Friday, 06 September",7,0,39,Telugu Titans
"Saturday, 07 September",7,0,25,Dabang Delhi K.C.
"Sunday, 08 September",7,0,34,Tamil Thalaivas
"Sunday, 08 September",7,0,39,Puneri Paltan
"Monday, 09 September",7,0,26,Gujarat Fortunegiants
"Monday, 09 September",7,0,25,Tamil Thalaivas
"Tuesday, 10 September",7,0,27,Telugu Titans
"Wednesday, 11 September",7,0,26,U Mumba
"Thursday, 12 September",7,0,33,Jaipur Pink Panthers
"Thursday, 12 September",7,0,40,Bengaluru Bulls
"Saturday, 14 September",7,0,33,Gujarat Fortunegiants
"Saturday, 14 September",7,0,35,Tamil Thalaivas
"Sunday, 15 September",7,0,30,Gujarat Fortunegiants
"Sunday, 15 September",7,0,33,Puneri Paltan
"Monday, 16 September",7,0,32,Jaipur Pink Panthers
"Monday, 16 September",7,0,29,Telugu Titans
"Wednesday, 18 September",7,0,36,U.P. Yoddha
"Thursday, 19 September",7,0,36,Haryana Steelers
"Friday, 20 September",7,0,38,Bengaluru Bulls
"Saturday, 21 September",7,0,22,Tamil Thalaivas
"Sunday, 22 September",7,0,25,Gujarat Fortunegiants
"Sunday, 22 September",7,0,40,Jaipur Pink Panthers
"Monday, 23 September",7,0,34,Patna Pirates
"Wednesday, 25 September",7,0,39,Telugu Titans
"Wednesday, 25 September",7,0,34,Puneri Paltan
"Thursday, 26 September",7,0,39,Patna Pirates
"Friday, 27 September",7,0,33,U Mumba
"Friday, 27 September",7,0,31,Jaipur Pink Panthers
"Saturday, 28 September",7,0,30,Haryana Steelers
"Saturday, 28 September",7,0,21,Tamil Thalaivas
"Sunday, 29 September",7,0,40,Puneri Paltan
"Sunday, 29 September",7,0,37,Gujarat Fortunegiants
"Monday, 30 September",7,0,33,Dabang Delhi K.C.
"Monday, 30 September",7,0,32,Tamil Thalaivas
"Saturday, 26 July",1,1,45,U Mumba
"Saturday, 26 July",1,1,47,Bengaluru Bulls
"Sunday, 27 July",1,1,40,Bengaluru Bulls
"Sunday, 27 July",1,1,36,U Mumba
"Monday, 28 July",1,1,35,Dabang Delhi
"Tuesday, 29 July",1,1,36,U Mumba
"Wednesday, 30 July",1,1,46,Bengaluru Bulls
"Thursday, 31 July",1,1,46,Jaipur Pink Panthers
"Thursday, 31 July",1,1,42,Bengal Warriors
"Friday, 01 August",1,1,38,Patna Pirates
"Friday, 01 August",1,1,38,Bengal Warriors
"Saturday, 02 August",1,1,40,Jaipur Pink Panthers
"Saturday, 02 August",1,1,38,U Mumba
"Sunday, 03 August",1,1,39,Telugu Titans
"Sunday, 03 August",1,1,33,Puneri Paltan
"Monday, 04 August",1,1,44,U Mumba
"Monday, 04 August",1,1,36,Patna Pirates
"Tuesday, 05 August",1,1,45,U Mumba
"Tuesday, 05 August",1,1,40,Jaipur Pink Panthers
"Wednesday, 06 August",1,1,46,Dabang Delhi
"Thursday, 07 August",1,1,35,Patna Pirates
"Friday, 08 August",1,1,40,Bengal Warriors
"Saturday, 09 August",1,1,49,Jaipur Pink Panthers
"Sunday, 10 August",1,1,39,Jaipur Pink Panthers
"Sunday, 10 August",1,1,37,Bengaluru Bulls
"Tuesday, 12 August",1,1,42,Telugu Titans
"Wednesday, 13 August",1,1,33,Bengaluru Bulls
"Wednesday, 13 August",1,1,40,Puneri Paltan
"Thursday, 14 August",1,1,29,Dabang Delhi
"Thursday, 14 August",1,1,50,Jaipur Pink Panthers
"Friday, 15 August",1,1,36,Dabang Delhi
"Friday, 15 August",1,1,37,Patna Pirates
"Saturday, 16 August",1,1,41,Jaipur Pink Panthers
"Sunday, 17 August",1,1,52,Patna Pirates
"Sunday, 17 August",1,1,44,Telugu Titans
"Monday, 18 August",1,1,30,Bengal Warriors
"Monday, 18 August",1,1,60,Telugu Titans
"Tuesday, 19 August",1,1,45,Telugu Titans
"Wednesday, 20 August",1,1,36,Jaipur Pink Panthers
"Thursday, 21 August",1,1,36,Patna Pirates
"Friday, 22 August",1,1,41,Jaipur Pink Panthers
"Saturday, 23 August",1,1,32,Telugu Titans
"Saturday, 23 August",1,1,33,Jaipur Pink Panthers
"Sunday, 24 August",1,1,37,Bengaluru Bulls
"Sunday, 24 August",1,1,37,U Mumba
"Monday, 25 August",1,1,45,Dabang Delhi
"Monday, 25 August",1,1,33,Patna Pirates
"Tuesday, 26 August",1,1,27,Bengaluru Bulls
"Wednesday, 27 August",1,1,36,U Mumba
"Wednesday, 27 August",1,1,30,Bengaluru Bulls
"Friday, 29 August",1,1,38,Jaipur Pink Panthers
"Friday, 29 August",1,1,27,U Mumba
"Sunday, 31 August",1,1,29,Patna Pirates
"Sunday, 31 August",1,1,35,Jaipur Pink Panthers
"Saturday, 18 July",2,1,29,U Mumba
"Saturday, 18 July",2,1,33,Bengaluru Bulls
"Sunday, 19 July",2,1,36,Telugu Titans
"Sunday, 19 July",2,1,36,U Mumba
"Monday, 20 July",2,1,45,Telugu Titans
"Monday, 20 July",2,1,25,U Mumba
"Tuesday, 21 July",2,1,28,U Mumba
"Wednesday, 22 July",2,1,28,Bengal Warriors
"Wednesday, 22 July",2,1,31,Bengaluru Bulls
"Thursday, 23 July",2,1,32,Telugu Titans
"Friday, 24 July",2,1,38,Dabang Delhi
"Friday, 24 July",2,1,29,U Mumba
"Saturday, 25 July",2,1,31,Bengaluru Bulls
"Saturday, 25 July",2,1,32,Dabang Delhi
"Sunday, 26 July",2,1,29,Patna Pirates
"Sunday, 26 July",2,1,27,U Mumba
"Monday, 27 July",2,1,33,Bengaluru Bulls
"Monday, 27 July",2,1,33,Telugu Titans
"Tuesday, 28 July",2,1,36,Jaipur Pink Panthers
"Wednesday, 29 July",2,1,33,Puneri Paltan
"Wednesday, 29 July",2,1,35,Dabang Delhi
"Thursday, 30 July",2,1,34,Telugu Titans
"Friday, 31 July",2,1,35,Bengaluru Bulls
"Friday, 31 July",2,1,39,Patna Pirates
"Saturday, 01 August",2,1,27,U Mumba
"Saturday, 01 August",2,1,32,Patna Pirates
"Sunday, 02 August",2,1,35,Jaipur Pink Panthers
"Tuesday, 04 August",2,1,29,U Mumba
"Wednesday, 05 August",2,1,44,Telugu Titans
"Thursday, 06 August",2,1,33,Bengaluru Bulls
"Thursday, 06 August",2,1,54,Telugu Titans
"Friday, 07 August",2,1,35,Jaipur Pink Panthers
"Saturday, 08 August",2,1,20,Bengal Warriors
"Saturday, 08 August",2,1,30,Patna Pirates
"Sunday, 09 August",2,1,31,U Mumba
"Sunday, 09 August",2,1,45,Dabang Delhi
"Monday, 10 August",2,1,51,Jaipur Pink Panthers
"Tuesday, 11 August",2,1,31,Jaipur Pink Panthers
"Wednesday, 12 August",2,1,36,U Mumba
"Thursday, 13 August",2,1,31,Bengal Warriors
"Thursday, 13 August",2,1,27,Jaipur Pink Panthers
"Friday, 14 August",2,1,34,Patna Pirates
"Friday, 14 August",2,1,40,Bengaluru Bulls
"Saturday, 15 August",2,1,32,U Mumba
"Saturday, 15 August",2,1,43,Bengaluru Bulls
"Sunday, 16 August",2,1,33,Puneri Paltan
"Sunday, 16 August",2,1,39,Bengal Warriors
"Monday, 17 August",2,1,39,U Mumba
"Tuesday, 18 August",2,1,46,Telugu Titans
"Tuesday, 18 August",2,1,38,Patna Pirates
"Wednesday, 19 August",2,1,26,Patna Pirates
"Wednesday, 19 August",2,1,31,Bengaluru Bulls
"Friday, 21 August",2,1,39,Bengaluru Bulls
"Friday, 21 August",2,1,35,U Mumba
"Sunday, 23 August",2,1,34,Telugu Titans
"Sunday, 23 August",2,1,36,U Mumba
"Saturday, 30 January",3,1,27,U Mumba
"Saturday, 30 January",3,1,35,Bengaluru Bulls
"Sunday, 31 January",3,1,27,Jaipur Pink Panthers
"Sunday, 31 January",3,1,27,Telugu Titans
"Monday, 01 February",3,1,29,Patna Pirates
"Monday, 01 February",3,1,45,Telugu Titans
"Tuesday, 02 February",3,1,25,Bengal Warriors
"Wednesday, 03 February",3,1,33,Patna Pirates
"Wednesday, 03 February",3,1,38,Puneri Paltan
"Thursday, 04 February",3,1,34,Bengal Warriors
"Friday, 05 February",3,1,30,U Mumba
"Friday, 05 February",3,1,36,Bengaluru Bulls
"Saturday, 06 February",3,1,40,Patna Pirates
"Saturday, 06 February",3,1,35,Telugu Titans
"Sunday, 07 February",3,1,33,Bengal Warriors
"Sunday, 07 February",3,1,39,Jaipur Pink Panthers
"Monday, 08 February",3,1,29,Patna Pirates
"Monday, 08 February",3,1,34,Bengal Warriors
"Tuesday, 09 February",3,1,36,Patna Pirates
"Wednesday, 10 February",3,1,29,U Mumba
"Wednesday, 10 February",3,1,34,Bengal Warriors
"Friday, 12 February",3,1,47,Patna Pirates
"Saturday, 13 February",3,1,27,Telugu Titans
"Saturday, 13 February",3,1,29,U Mumba
"Sunday, 14 February",3,1,32,U Mumba
"Sunday, 14 February",3,1,29,Puneri Paltan
"Tuesday, 16 February",3,1,32,Patna Pirates
"Tuesday, 16 February",3,1,35,Jaipur Pink Panthers
"Wednesday, 17 February",3,1,36,Patna Pirates
"Thursday, 18 February",3,1,35,Dabang Delhi
"Friday, 19 February",3,1,32,Bengal Warriors
"Friday, 19 February",3,1,34,U Mumba
"Saturday, 20 February",3,1,30,Jaipur Pink Panthers
"Saturday, 20 February",3,1,32,Puneri Paltan
"Sunday, 21 February",3,1,40,Telugu Titans
"Sunday, 21 February",3,1,33,Puneri Paltan
"Monday, 22 February",3,1,34,Bengal Warriors
"Tuesday, 23 February",3,1,30,U Mumba
"Tuesday, 23 February",3,1,47,Patna Pirates
"Wednesday, 24 February",3,1,44,Telugu Titans
"Thursday, 25 February",3,1,39,U Mumba
"Thursday, 25 February",3,1,67,Patna Pirates
"Friday, 26 February",3,1,41,Puneri Paltan
"Saturday, 27 February",3,1,44,Puneri Paltan
"Saturday, 27 February",3,1,37,Bengal Warriors
"Sunday, 28 February",3,1,35,U Mumba
"Sunday, 28 February",3,1,42,Telugu Titans
"Monday, 29 February",3,1,30,U Mumba
"Tuesday, 01 March",3,1,26,Bengal Warriors
"Tuesday, 01 March",3,1,38,U Mumba
"Wednesday, 02 March",3,1,43,Puneri Paltan
"Wednesday, 02 March",3,1,36,U Mumba
"Friday, 04 March",3,1,40,Patna Pirates
"Friday, 04 March",3,1,41,U Mumba
"Saturday, 05 March",3,1,31,Puneri Paltan
"Saturday, 05 March",3,1,31,Patna Pirates
"Saturday, 25 June",4,1,28,Puneri Paltan
"Saturday, 25 June",4,1,36,U Mumba
"Sunday, 26 June",4,1,24,Bengaluru Bulls
"Sunday, 26 June",4,1,41,Puneri Paltan
"Monday, 27 June",4,1,31,Bengal Warriors
"Monday, 27 June",4,1,30,Patna Pirates
"Wednesday, 29 June",4,1,28,Jaipur Pink Panthers
"Wednesday, 29 June",4,1,36,Patna Pirates
"Friday, 01 July",4,1,27,U Mumba
"Friday, 01 July",4,1,36,Jaipur Pink Panthers
"Saturday, 02 July",4,1,32,Dabang Delhi K.C.
"Saturday, 02 July",4,1,33,Puneri Paltan
"Sunday, 03 July",4,1,35,Patna Pirates
"Sunday, 03 July",4,1,26,U Mumba
"Monday, 04 July",4,1,29,Bengaluru Bulls
"Monday, 04 July",4,1,35,Telugu Titans
"Tuesday, 05 July",4,1,30,Bengaluru Bulls
"Wednesday, 06 July",4,1,51,Jaipur Pink Panthers
"Wednesday, 06 July",4,1,35,Telugu Titans
"Thursday, 07 July",4,1,31,Patna Pirates
"Friday, 08 July",4,1,24,U Mumba
"Friday, 08 July",4,1,35,Patna Pirates
"Saturday, 09 July",4,1,38,Puneri Paltan
"Saturday, 09 July",4,1,33,Dabang Delhi K.C.
"Sunday, 10 July",4,1,28,Telugu Titans
"Sunday, 10 July",4,1,26,Jaipur Pink Panthers
"Tuesday, 12 July",4,1,32,Telugu Titans
"Wednesday, 13 July",4,1,24,Jaipur Pink Panthers
"Thursday, 14 July",4,1,29,U Mumba
"Thursday, 14 July",4,1,38,Patna Pirates
"Friday, 15 July",4,1,32,Telugu Titans
"Friday, 15 July",4,1,40,Dabang Delhi K.C.
"Saturday, 16 July",4,1,32,Bengal Warriors
"Saturday, 16 July",4,1,34,Patna Pirates
"Sunday, 17 July",4,1,33,Jaipur Pink Panthers
"Sunday, 17 July",4,1,33,Patna Pirates
"Tuesday, 19 July",4,1,36,Telugu Titans
"Tuesday, 19 July",4,1,27,Bengaluru Bulls
"Wednesday, 20 July",4,1,34,U Mumba
"Thursday, 21 July",4,1,24,Jaipur Pink Panthers
"Friday, 22 July",4,1,29,Jaipur Pink Panthers
"Friday, 22 July",4,1,31,Bengal Warriors
"Saturday, 23 July",4,1,31,Patna Pirates
"Saturday, 23 July",4,1,28,Bengaluru Bulls
"Sunday, 24 July",4,1,41,Dabang Delhi K.C.
"Sunday, 24 July",4,1,35,Telugu Titans
"Monday, 25 July",4,1,32,Patna Pirates
"Tuesday, 26 July",4,1,46,Telugu Titans
"Tuesday, 26 July",4,1,39,Puneri Paltan
"Wednesday, 27 July",4,1,36,Puneri Paltan
"Wednesday, 27 July",4,1,38,U Mumba
"Friday, 29 July",4,1,37,Patna Pirates
"Friday, 29 July",4,1,34,Jaipur Pink Panthers
"Sunday, 31 July",4,1,40,Puneri Paltan
"Sunday, 31 July",4,1,37,Patna Pirates
"Friday, 28 July",5,1,33,Puneri Paltan
"Saturday, 29 July",5,1,30,Dabang Delhi K.C.
"Saturday, 29 July",5,1,35,Patna Pirates
"Sunday, 30 July",5,1,29,U Mumba
"Sunday, 30 July",5,1,31,Bengaluru Bulls
"Tuesday, 01 August",5,1,26,Gujarat Fortunegiants
"Tuesday, 01 August",5,1,31,U.P. Yoddha
"Wednesday, 02 August",5,1,30,Bengal Warriors
"Thursday, 03 August",5,1,43,Patna Pirates
"Friday, 04 August",5,1,32,Bengaluru Bulls
"Friday, 04 August",5,1,26,Puneri Paltan
"Saturday, 05 August",5,1,36,U Mumba
"Saturday, 05 August",5,1,32,U.P. Yoddha
"Sunday, 06 August",5,1,40,Bengal Warriors
"Sunday, 06 August",5,1,46,Patna Pirates
"Tuesday, 08 August",5,1,32,Haryana Steelers
"Wednesday, 09 August",5,1,31,Bengaluru Bulls
"Thursday, 10 August",5,1,30,Jaipur Pink Panthers
"Thursday, 10 August",5,1,29,Tamil Thalaivas
"Friday, 11 August",5,1,39,Gujarat Fortunegiants
"Saturday, 12 August",5,1,39,U.P. Yoddha
"Saturday, 12 August",5,1,29,Gujarat Fortunegiants
"Sunday, 13 August",5,1,27,Gujarat Fortunegiants
"Tuesday, 15 August",5,1,34,Puneri Paltan
"Tuesday, 15 August",5,1,27,Gujarat Fortunegiants
"Wednesday, 16 August",5,1,29,Gujarat Fortunegiants
"Thursday, 17 August",5,1,30,Dabang Delhi K.C.
"Friday, 18 August",5,1,37,U Mumba
"Friday, 18 August",5,1,30,Jaipur Pink Panthers
"Saturday, 19 August",5,1,37,Telugu Titans
"Saturday, 19 August",5,1,36,Haryana Steelers
"Sunday, 20 August",5,1,47,Puneri Paltan
"Sunday, 20 August",5,1,24,Jaipur Pink Panthers
"Tuesday, 22 August",5,1,35,Gujarat Fortunegiants
"Tuesday, 22 August",5,1,32,Bengal Warriors
"Wednesday, 23 August",5,1,27,Haryana Steelers
"Thursday, 24 August",5,1,25,U.P. Yoddha
"Friday, 25 August",5,1,39,Jaipur Pink Panthers
"Saturday, 26 August",5,1,35,Patna Pirates
"Saturday, 26 August",5,1,26,Puneri Paltan
"Sunday, 27 August",5,1,32,Bengal Warriors
"Sunday, 27 August",5,1,33,Dabang Delhi K.C.
"Wednesday, 30 August",5,1,38,U Mumba
"Thursday, 31 August",5,1,33,Telugu Titans
"Thursday, 31 August",5,1,36,U Mumba
"Friday, 01 September",5,1,41,Bengal Warriors
"Saturday, 02 September",5,1,42,Haryana Steelers
"Sunday, 03 September",5,1,31,Jaipur Pink Panthers
"Sunday, 03 September",5,1,29,Bengal Warriors
"Tuesday, 05 September",5,1,47,Patna Pirates
"Tuesday, 05 September",5,1,36,Haryana Steelers
"Wednesday, 06 September",5,1,38,Dabang Delhi K.C.
"Wednesday, 06 September",5,1,37,U Mumba
"Thursday, 07 September",5,1,42,Puneri Paltan
"Saturday, 09 September",5,1,51,U Mumba
"Saturday, 09 September",5,1,38,Haryana Steelers
"Sunday, 10 September",5,1,24,Bengaluru Bulls
"Sunday, 10 September",5,1,37,Telugu Titans
"Tuesday, 12 September",5,1,32,Bengal Warriors
"Tuesday, 12 September",5,1,27,Haryana Steelers
"Wednesday, 13 September",5,1,34,Tamil Thalaivas
"Wednesday, 13 September",5,1,38,Puneri Paltan
"Friday, 15 September",5,1,46,Patna Pirates
"Friday, 15 September",5,1,39,Gujarat Fortunegiants
"Saturday, 16 September",5,1,45,Patna Pirates
"Sunday, 17 September",5,1,36,Jaipur Pink Panthers
"Tuesday, 19 September",5,1,37,Puneri Paltan
"Tuesday, 19 September",5,1,36,Patna Pirates
"Wednesday, 20 September",5,1,45,Gujarat Fortunegiants
"Wednesday, 20 September",5,1,41,Patna Pirates
"Thursday, 21 September",5,1,30,Haryana Steelers
"Thursday, 21 September",5,1,46,U.P. Yoddha
"Friday, 22 September",5,1,30,U Mumba
"Saturday, 23 September",5,1,33,Bengal Warriors
"Saturday, 23 September",5,1,34,Puneri Paltan
"Sunday, 24 September",5,1,33,Tamil Thalaivas
"Sunday, 24 September",5,1,42,Haryana Steelers
"Tuesday, 26 September",5,1,35,Tamil Thalaivas
"Tuesday, 26 September",5,1,36,Patna Pirates
"Wednesday, 27 September",5,1,41,Telugu Titans
"Wednesday, 27 September",5,1,45,U.P. Yoddha
"Thursday, 28 September",5,1,42,U Mumba
"Thursday, 28 September",5,1,44,Telugu Titans
"Friday, 29 September",5,1,33,Puneri Paltan
"Friday, 29 September",5,1,30,Gujarat Fortunegiants
"Saturday, 30 September",5,1,34,Puneri Paltan
"Saturday, 30 September",5,1,27,Jaipur Pink Panthers
"Sunday, 01 October",5,1,32,Bengal Warriors
"Sunday, 01 October",5,1,33,U Mumba
"Tuesday, 03 October",5,1,42,Gujarat Fortunegiants
"Tuesday, 03 October",5,1,58,Telugu Titans
"Wednesday, 04 October",5,1,41,Haryana Steelers
"Wednesday, 04 October",5,1,37,U.P. Yoddha
"Thursday, 05 October",5,1,45,Bengaluru Bulls
"Friday, 06 October",5,1,29,Gujarat Fortunegiants
"Friday, 06 October",5,1,25,Bengal Warriors
"Saturday, 07 October",5,1,32,Haryana Steelers
"Saturday, 07 October",5,1,36,Jaipur Pink Panthers
"Sunday, 08 October",5,1,33,Gujarat Fortunegiants
"Sunday, 08 October",5,1,38,Puneri Paltan
"Tuesday, 10 October",5,1,38,Tamil Thalaivas
"Tuesday, 10 October",5,1,35,Dabang Delhi K.C.
"Wednesday, 11 October",5,1,35,Bengaluru Bulls
"Wednesday, 11 October",5,1,37,Haryana Steelers
"Thursday, 12 October",5,1,53,U.P. Yoddha
"Friday, 13 October",5,1,44,Gujarat Fortunegiants
"Friday, 13 October",5,1,34,Bengal Warriors
"Saturday, 14 October",5,1,40,Tamil Thalaivas
"Saturday, 14 October",5,1,43,Puneri Paltan
"Sunday, 15 October",5,1,38,Bengaluru Bulls
"Sunday, 15 October",5,1,34,Puneri Paltan
"Tuesday, 17 October",5,1,64,Bengaluru Bulls
"Tuesday, 17 October",5,1,31,Haryana Steelers
"Wednesday, 18 October",5,1,38,Puneri Paltan
"Friday, 20 October",5,1,23,Gujarat Fortunegiants
"Monday, 23 October",5,1,40,Puneri Paltan
"Monday, 23 October",5,1,69,Patna Pirates
"Tuesday, 24 October",5,1,42,Gujarat Fortunegiants
"Tuesday, 24 October",5,1,42,Patna Pirates
"Thursday, 26 October",5,1,47,Patna Pirates
"Saturday, 28 October",5,1,55,Patna Pirates
"Sunday, 07 October",6,1,42,Tamil Thalaivas
"Monday, 08 October",6,1,34,Puneri Paltan
"Monday, 08 October",6,1,37,U.P. Yoddha
"Tuesday, 09 October",6,1,33,Telugu Titans
"Wednesday, 10 October",6,1,39,U Mumba
"Wednesday, 10 October",6,1,48,Bengaluru Bulls
"Thursday, 11 October",6,1,43,Patna Pirates
"Thursday, 11 October",6,1,36,Bengal Warriors
"Friday, 12 October",6,1,32,Haryana Steelers
"Friday, 12 October",6,1,41,Dabang Delhi K.C.
"Saturday, 13 October",6,1,34,Telugu Titans
"Saturday, 13 October",6,1,53,U Mumba
"Sunday, 14 October",6,1,43,Patna Pirates
"Sunday, 14 October",6,1,45,Puneri Paltan
"Tuesday, 16 October",6,1,30,Bengal Warriors
"Tuesday, 16 October",6,1,36,Jaipur Pink Panthers
"Wednesday, 17 October",6,1,44,Bengaluru Bulls
"Wednesday, 17 October",6,1,42,U Mumba
"Thursday, 18 October",6,1,34,Haryana Steelers
"Thursday, 18 October",6,1,34,Gujarat Fortunegiants
"Friday, 19 October",6,1,35,Telugu Titans
"Friday, 19 October",6,1,29,Puneri Paltan
"Saturday, 20 October",6,1,33,Puneri Paltan
"Sunday, 21 October",6,1,39,Dabang Delhi K.C.
"Sunday, 21 October",6,1,27,Puneri Paltan
"Tuesday, 23 October",6,1,41,U Mumba
"Tuesday, 23 October",6,1,36,Tamil Thalaivas
"Wednesday, 24 October",6,1,42,Bengaluru Bulls
"Wednesday, 24 October",6,1,29,U.P. Yoddha
"Friday, 26 October",6,1,41,Patna Pirates
"Friday, 26 October",6,1,36,Gujarat Fortunegiants
"Saturday, 27 October",6,1,39,Bengal Warriors
"Saturday, 27 October",6,1,40,U Mumba
"Sunday, 28 October",6,1,38,U.P. Yoddha
"Sunday, 28 October",6,1,43,Haryana Steelers
"Tuesday, 30 October",6,1,37,Gujarat Fortunegiants
"Tuesday, 30 October",6,1,53,Telugu Titans
"Wednesday, 31 October",6,1,31,Puneri Paltan
"Wednesday, 31 October",6,1,43,Bengaluru Bulls
"Thursday, 01 November",6,1,29,Patna Pirates
"Friday, 02 November",6,1,46,Tamil Thalaivas
"Friday, 02 November",6,1,36,Gujarat Fortunegiants
"Saturday, 03 November",6,1,31,U Mumba
"Saturday, 03 November",6,1,35,Bengaluru Bulls
"Sunday, 04 November",6,1,45,Gujarat Fortunegiants
"Tuesday, 06 November",6,1,38,Jaipur Pink Panthers
"Thursday, 08 November",6,1,39,Dabang Delhi K.C.
"Thursday, 08 November",6,1,37,Bengaluru Bulls
"Friday, 09 November",6,1,48,U Mumba
"Friday, 09 November",6,1,30,Bengal Warriors
"Saturday, 10 November",6,1,50,Patna Pirates
"Saturday, 10 November",6,1,38,Gujarat Fortunegiants
"Sunday, 11 November",6,1,40,Dabang Delhi K.C.
"Sunday, 11 November",6,1,35,Haryana Steelers
"Tuesday, 13 November",6,1,28,Telugu Titans
"Tuesday, 13 November",6,1,41,U Mumba
"Wednesday, 14 November",6,1,32,U Mumba
"Thursday, 15 November",6,1,38,Patna Pirates
"Thursday, 15 November",6,1,36,U Mumba
"Friday, 16 November",6,1,35,Gujarat Fortunegiants
"Friday, 16 November",6,1,45,Jaipur Pink Panthers
"Saturday, 17 November",6,1,26,Bengal Warriors
"Sunday, 18 November",6,1,45,Bengaluru Bulls
"Sunday, 18 November",6,1,37,Gujarat Fortunegiants
"Tuesday, 20 November",6,1,27,Tamil Thalaivas
"Tuesday, 20 November",6,1,29,Dabang Delhi K.C.
"Wednesday, 21 November",6,1,45,Patna Pirates
"Wednesday, 21 November",6,1,39,Gujarat Fortunegiants
"Thursday, 22 November",6,1,40,Gujarat Fortunegiants
"Friday, 23 November",6,1,33,Bengal Warriors
"Saturday, 24 November",6,1,39,U Mumba
"Saturday, 24 November",6,1,36,Bengaluru Bulls
"Sunday, 25 November",6,1,34,Haryana Steelers
"Sunday, 25 November",6,1,35,Patna Pirates
"Monday, 26 November",6,1,31,Tamil Thalaivas
"Monday, 26 November",6,1,37,Bengaluru Bulls
"Wednesday, 28 November",6,1,35,Puneri Paltan
"Wednesday, 28 November",6,1,34,Bengaluru Bulls
"Thursday, 29 November",6,1,35,Gujarat Fortunegiants
"Thursday, 29 November",6,1,44,Bengal Warriors
"Friday, 30 November",6,1,48,Dabang Delhi K.C.
"Saturday, 01 December",6,1,41,U Mumba
"Sunday, 02 December",6,1,36,U Mumba
"Sunday, 02 December",6,1,35,Dabang Delhi K.C.
"Tuesday, 04 December",6,1,45,Gujarat Fortunegiants
"Tuesday, 04 December",6,1,34,Dabang Delhi K.C.
"Wednesday, 05 December",6,1,35,Haryana Steelers
"Wednesday, 05 December",6,1,32,Dabang Delhi K.C.
"Thursday, 06 December",6,1,30,U.P. Yoddha
"Thursday, 06 December",6,1,37,Dabang Delhi K.C.
"Friday, 07 December",6,1,29,Gujarat Fortunegiants
"Friday, 07 December",6,1,53,Patna Pirates
"Saturday, 08 December",6,1,31,U Mumba
"Saturday, 08 December",6,1,36,Telugu Titans
"Sunday, 09 December",6,1,37,Jaipur Pink Panthers
"Sunday, 09 December",6,1,35,Telugu Titans
"Tuesday, 11 December",6,1,44,U Mumba
"Tuesday, 11 December",6,1,27,U.P. Yoddha
"Wednesday, 12 December",6,1,47,Gujarat Fortunegiants
"Wednesday, 12 December",6,1,37,Bengaluru Bulls
"Thursday, 13 December",6,1,41,Telugu Titans
"Friday, 14 December",6,1,36,Jaipur Pink Panthers
"Friday, 14 December",6,1,28,Bengal Warriors
"Sunday, 16 December",6,1,47,U.P. Yoddha
"Sunday, 16 December",6,1,34,Gujarat Fortunegiants
"Tuesday, 18 December",6,1,44,Bengaluru Bulls
"Tuesday, 18 December",6,1,39,Jaipur Pink Panthers
"Wednesday, 19 December",6,1,33,Gujarat Fortunegiants
"Friday, 21 December",6,1,27,Bengal Warriors
"Friday, 21 December",6,1,35,Puneri Paltan
"Saturday, 22 December",6,1,34,U.P. Yoddha
"Saturday, 22 December",6,1,39,Bengal Warriors
"Sunday, 23 December",6,1,37,Dabang Delhi K.C.
"Tuesday, 25 December",6,1,39,Bengal Warriors
"Wednesday, 26 December",6,1,37,Gujarat Fortunegiants
"Wednesday, 26 December",6,1,37,Bengal Warriors
"Thursday, 27 December",6,1,40,Bengaluru Bulls
"Thursday, 27 December",6,1,41,U.P. Yoddha
"Sunday, 30 December",6,1,34,U.P. Yoddha
"Sunday, 30 December",6,1,39,Dabang Delhi K.C.
"Monday, 31 December",6,1,41,Bengaluru Bulls
"Monday, 31 December",6,1,45,U.P. Yoddha
"Thursday, 03 January",6,1,38,Gujarat Fortunegiants
"Saturday, 05 January",6,1,38,Bengaluru Bulls
"Sunday, 01 September",7,1,32,U.P. Yoddha
"Sunday, 01 September",7,1,33,Bengaluru Bulls
"Monday, 02 September",7,1,41,Haryana Steelers
"Monday, 02 September",7,1,35,Telugu Titans
"Wednesday, 04 September",7,1,46,Dabang Delhi K.C.
"Wednesday, 04 September",7,1,40,Bengaluru Bulls
"Friday, 06 September",7,1,41,U.P. Yoddha
"Friday, 06 September",7,1,40,Bengaluru Bulls
"Saturday, 07 September",7,1,47,Haryana Steelers
"Sunday, 08 September",7,1,50,Dabang Delhi K.C.
"Sunday, 08 September",7,1,42,Bengal Warriors
"Monday, 09 September",7,1,33,U.P. Yoddha
"Monday, 09 September",7,1,51,Patna Pirates
"Tuesday, 10 September",7,1,41,U Mumba
"Wednesday, 11 September",7,1,29,Bengal Warriors
"Thursday, 12 September",7,1,36,Patna Pirates
"Thursday, 12 September",7,1,42,Bengal Warriors
"Saturday, 14 September",7,1,43,Puneri Paltan
"Saturday, 14 September",7,1,43,Haryana Steelers
"Sunday, 15 September",7,1,34,Dabang Delhi K.C.
"Sunday, 15 September",7,1,55,Patna Pirates
"Monday, 16 September",7,1,38,U.P. Yoddha
"Monday, 16 September",7,1,37,Dabang Delhi K.C.
"Wednesday, 18 September",7,1,39,U Mumba
"Thursday, 19 September",7,1,48,Bengal Warriors
"Friday, 20 September",7,1,42,Puneri Paltan
"Saturday, 21 September",7,1,42,U.P. Yoddha
"Sunday, 22 September",7,1,31,U Mumba
"Sunday, 22 September",7,1,41,Bengal Warriors
"Monday, 23 September",7,1,39,Haryana Steelers
"Wednesday, 25 September",7,1,40,Bengal Warriors
"Wednesday, 25 September",7,1,43,Jaipur Pink Panthers
"Thursday, 26 September",7,1,43,Dabang Delhi K.C.
"Friday, 27 September",7,1,35,Bengaluru Bulls
"Friday, 27 September",7,1,51,Telugu Titans
"Saturday, 28 September",7,1,37,U.P. Yoddha
"Saturday, 28 September",7,1,50,Gujarat Fortunegiants
"Sunday, 29 September",7,1,60,Dabang Delhi K.C.
"Sunday, 29 September",7,1,38,Haryana Steelers
"Monday, 30 September",7,1,42,Bengal Warriors
"Monday, 30 September",7,1,36,U Mumba
